{
  "name": "Random_Forest",
  "val_accuracy": 0.8978102189781022,
  "test_accuracy": 0.8937550689375506,
  "val_f1": 0.8905284155231459,
  "test_f1": 0.886181325897638
}