{
  "name": "Random_Forest",
  "val_accuracy": 0.6557377049180327,
  "test_accuracy": 0.5737704918032787,
  "val_f1": 0.6075064710957723,
  "test_f1": 0.5223403731600453
}