{
  "name": "Random_Forest",
  "val_accuracy": 0.9467391304347826,
  "test_accuracy": 0.9554831704668838,
  "val_f1": 0.9466156472955667,
  "test_f1": 0.9552787283859082
}