{
  "name": "Random_Forest",
  "val_accuracy": 0.22727272727272727,
  "test_accuracy": 0.26435406698564595,
  "val_f1": 0.21648983373508468,
  "test_f1": 0.2508780520672146
}