{
  "name": "Random_Forest",
  "val_accuracy": 0.9624277456647399,
  "test_accuracy": 0.9508670520231214,
  "val_f1": 0.9612417159182809,
  "test_f1": 0.9502204511270242
}