{
  "name": "Random_Forest",
  "val_accuracy": 0.5714285714285714,
  "test_accuracy": 0.5714285714285714,
  "val_f1": 0.5428571428571429,
  "test_f1": 0.5714285714285714
}