{
  "name": "Random_Forest",
  "val_accuracy": 0.7548022598870057,
  "test_accuracy": 0.7559322033898305,
  "val_f1": 0.7345717230240949,
  "test_f1": 0.7369130226380612
}