{
  "name": "Random_Forest",
  "val_accuracy": 0.9736842105263158,
  "test_accuracy": 0.956140350877193,
  "val_f1": 0.973621425014614,
  "test_f1": 0.9557756825927252
}