{
  "name": "Random_Forest",
  "val_accuracy": 0.9489130434782609,
  "test_accuracy": 0.9457111834961998,
  "val_f1": 0.9487682797980466,
  "test_f1": 0.9455437452547031
}