{
  "name": "Random_Forest",
  "val_accuracy": 0.956140350877193,
  "test_accuracy": 0.9649122807017544,
  "val_f1": 0.9562289848783303,
  "test_f1": 0.9647382344750765
}