{
  "name": "Random_Forest",
  "val_accuracy": 0.9487179487179487,
  "test_accuracy": 0.9487179487179487,
  "val_f1": 0.9473026973026972,
  "test_f1": 0.9452214452214454
}