{
  "name": "Random_Forest",
  "val_accuracy": 0.6931818181818182,
  "test_accuracy": 0.7954545454545454,
  "val_f1": 0.5807739557739559,
  "test_f1": 0.7451093210586882
}