{
  "name": "Random_Forest",
  "val_accuracy": 0.902676399026764,
  "test_accuracy": 0.8982157339821574,
  "val_f1": 0.8990792630161775,
  "test_f1": 0.8918200754498239
}