{
  "name": "Random_Forest",
  "val_accuracy": 0.9444444444444444,
  "test_accuracy": 1.0,
  "val_f1": 0.943927451478939,
  "test_f1": 1.0
}