{
  "name": "Random_Forest",
  "val_accuracy": 0.14285714285714285,
  "test_accuracy": 0.2857142857142857,
  "val_f1": 0.05714285714285715,
  "test_f1": 0.19387755102040818
}