{
  "name": "Random_Forest",
  "val_accuracy": 0.8698738170347003,
  "test_accuracy": 0.8901156677181914,
  "val_f1": 0.8673306100439221,
  "test_f1": 0.8883736189012899
}