{
  "name": "Random_Forest",
  "val_accuracy": 0.8623188405797102,
  "test_accuracy": 0.8623188405797102,
  "val_f1": 0.8630189267620645,
  "test_f1": 0.862326070593858
}