{
  "name": "Random_Forest",
  "val_accuracy": 0.9055518690555187,
  "test_accuracy": 0.9043459029083268,
  "val_f1": 0.8960685751680664,
  "test_f1": 0.894397555503983
}