{
  "name": "Random_Forest",
  "val_accuracy": 0.8666666666666667,
  "test_accuracy": 0.85,
  "val_f1": 0.8645502645502645,
  "test_f1": 0.8389633925335267
}