{
  "name": "Random_Forest",
  "val_accuracy": 0.715,
  "test_accuracy": 0.795,
  "val_f1": 0.6861616055479668,
  "test_f1": 0.7804087385482734
}