{
  "name": "Random_Forest",
  "val_accuracy": 0.9333333333333333,
  "test_accuracy": 1.0,
  "val_f1": 0.9342592592592591,
  "test_f1": 1.0
}