{
  "name": "Random_Forest",
  "val_accuracy": 0.6704545454545454,
  "test_accuracy": 0.6590909090909091,
  "val_f1": 0.5746753246753247,
  "test_f1": 0.5688044831880448
}