{
  "name": "Random_Forest",
  "val_accuracy": 0.8717948717948718,
  "test_accuracy": 0.9230769230769231,
  "val_f1": 0.8695075367689105,
  "test_f1": 0.9217045220613463
}