{
  "name": "Random_Forest",
  "val_accuracy": 0.8191666666666667,
  "test_accuracy": 0.8176666666666667,
  "val_f1": 0.7976649636142235,
  "test_f1": 0.7962512625093852
}