{
  "name": "Random_Forest",
  "val_accuracy": 0.9038929440389294,
  "test_accuracy": 0.9013601680858122,
  "val_f1": 0.894484277795417,
  "test_f1": 0.8916844293238696
}