{
  "name": "Random_Forest",
  "val_accuracy": 0.9502369668246445,
  "test_accuracy": 0.9527186761229315,
  "val_f1": 0.9511840253569797,
  "test_f1": 0.9527732762496632
}