{
  "name": "Random_Forest",
  "val_accuracy": 0.9624277456647399,
  "test_accuracy": 0.976878612716763,
  "val_f1": 0.9617185866376501,
  "test_f1": 0.9764028913603399
}