{
  "name": "Random_Forest",
  "val_accuracy": 0.8405797101449275,
  "test_accuracy": 0.8188405797101449,
  "val_f1": 0.8409163239326283,
  "test_f1": 0.8193671224420555
}