{
  "name": "Random_Forest",
  "val_accuracy": 0.9333333333333333,
  "test_accuracy": 0.9333333333333333,
  "val_f1": 0.9333333333333333,
  "test_f1": 0.9333333333333333
}