{
  "name": "Random_Forest",
  "val_accuracy": 0.9549763033175356,
  "test_accuracy": 0.9479905437352246,
  "val_f1": 0.9552787338250247,
  "test_f1": 0.9482628437715633
}