{
  "name": "Random_Forest",
  "val_accuracy": 0.5737704918032787,
  "test_accuracy": 0.5245901639344263,
  "val_f1": 0.5128637462835515,
  "test_f1": 0.4402693887529613
}