{
  "name": "Random_Forest",
  "val_accuracy": 0.6369230769230769,
  "test_accuracy": 0.66,
  "val_f1": 0.6232573912557285,
  "test_f1": 0.6453303538669515
}