{
  "name": "Random_Forest",
  "val_accuracy": 0.7728813559322034,
  "test_accuracy": 0.768361581920904,
  "val_f1": 0.7573133329824481,
  "test_f1": 0.7546843562955858
}