{
  "name": "Random_Forest",
  "val_accuracy": 0.8158333333333333,
  "test_accuracy": 0.8131666666666667,
  "val_f1": 0.7944403398574222,
  "test_f1": 0.7930340781535136
}