{
  "name": "Random_Forest",
  "val_accuracy": 0.8833333333333333,
  "test_accuracy": 0.7,
  "val_f1": 0.8909996017522899,
  "test_f1": 0.6868131868131868
}