{
  "name": "Random_Forest",
  "val_accuracy": 0.6507692307692308,
  "test_accuracy": 0.6369230769230769,
  "val_f1": 0.63225990078051,
  "test_f1": 0.6249204029601039
}