{
  "name": "Hierarchical_Clustering",
  "val_accuracy": 0.7159090909090909,
  "test_accuracy": 0.7159090909090909,
  "val_f1": 0.5973810957254666,
  "test_f1": 0.5973810957254666
}