{
  "name": "Hierarchical_Clustering",
  "val_accuracy": 0.8454987834549879,
  "test_accuracy": 0.8450932684509327,
  "val_f1": 0.7747154311156448,
  "test_f1": 0.7741425808579093
}