{
  "name": "SVM_rbf",
  "val_accuracy": 0.8672985781990521,
  "test_accuracy": 0.8581560283687943,
  "val_f1": 0.8672408369943485,
  "test_f1": 0.8572026652903708
}