{
  "name": "SVM_rbf",
  "val_accuracy": 0.85,
  "test_accuracy": 0.7333333333333333,
  "val_f1": 0.8509971509971509,
  "test_f1": 0.7174242424242424
}