{
  "name": "SVM_rbf",
  "val_accuracy": 0.8633017875920084,
  "test_accuracy": 0.8746056782334385,
  "val_f1": 0.859063828034521,
  "test_f1": 0.8707004235789771
}