{
  "name": "SVM_rbf",
  "val_accuracy": 0.751412429378531,
  "test_accuracy": 0.7468926553672316,
  "val_f1": 0.731778149807174,
  "test_f1": 0.7291903611344467
}