{
  "name": "SVM_rbf",
  "val_accuracy": 0.5769230769230769,
  "test_accuracy": 0.5484615384615384,
  "val_f1": 0.5379570848479087,
  "test_f1": 0.5145034987502449
}