{
  "name": "SVM_rbf",
  "val_accuracy": 0.7581920903954802,
  "test_accuracy": 0.7435028248587571,
  "val_f1": 0.7439843816995038,
  "test_f1": 0.7307306461987267
}