{
  "name": "SVM_rbf",
  "val_accuracy": 0.745,
  "test_accuracy": 0.745,
  "val_f1": 0.719197226016602,
  "test_f1": 0.7312542904775914
}