{
  "name": "SVM_rbf",
  "val_accuracy": 0.9271739130434783,
  "test_accuracy": 0.9391965255157437,
  "val_f1": 0.9266642855626452,
  "test_f1": 0.9389311626221555
}