{
  "name": "SVM_rbf",
  "val_accuracy": 0.5661538461538461,
  "test_accuracy": 0.5746153846153846,
  "val_f1": 0.5329662058901544,
  "test_f1": 0.545997563906129
}