{
  "name": "SVM_rbf",
  "val_accuracy": 0.8717948717948718,
  "test_accuracy": 0.8974358974358975,
  "val_f1": 0.8603581966650656,
  "test_f1": 0.8799396681749624
}