{
  "name": "SVM_rbf",
  "val_accuracy": 0.9333333333333333,
  "test_accuracy": 0.9666666666666667,
  "val_f1": 0.9342592592592591,
  "test_f1": 0.9664109121909632
}