{
  "name": "SVM_rbf",
  "val_accuracy": 0.9649122807017544,
  "test_accuracy": 0.9736842105263158,
  "val_f1": 0.9649122807017544,
  "test_f1": 0.973621425014614
}