{
  "name": "SVM_rbf",
  "val_accuracy": 0.8205128205128205,
  "test_accuracy": 0.8717948717948718,
  "val_f1": 0.781854043392505,
  "test_f1": 0.8555148555148554
}