{
  "name": "SVM_rbf",
  "val_accuracy": 0.6557377049180327,
  "test_accuracy": 0.5409836065573771,
  "val_f1": 0.6017897834118715,
  "test_f1": 0.4900014768867228
}