{
  "name": "SVM_rbf",
  "val_accuracy": 0.7666666666666667,
  "test_accuracy": 0.7333333333333333,
  "val_f1": 0.7874074074074074,
  "test_f1": 0.7216117216117215
}