{
  "name": "SVM_rbf",
  "val_accuracy": 0.8,
  "test_accuracy": 0.8571428571428571,
  "val_f1": 0.735,
  "test_f1": 0.8380952380952381
}