{
  "name": "SVM_rbf",
  "val_accuracy": 0.8211666666666667,
  "test_accuracy": 0.8161666666666667,
  "val_f1": 0.7950944041893951,
  "test_f1": 0.7905750349354704
}