{
  "name": "SVM_rbf",
  "val_accuracy": 0.8999115239991152,
  "test_accuracy": 0.8974897710936636,
  "val_f1": 0.8817876497396965,
  "test_f1": 0.8782086338616758
}