{
  "name": "SVM_rbf",
  "val_accuracy": 0.9423913043478261,
  "test_accuracy": 0.9207383279044516,
  "val_f1": 0.9420628679493691,
  "test_f1": 0.9203827196222942
}