{
  "name": "SVM_rbf",
  "val_accuracy": 0.8986949789869498,
  "test_accuracy": 0.8960521950680084,
  "val_f1": 0.8801927649066564,
  "test_f1": 0.8770229137727017
}