{
  "name": "SVM_rbf",
  "val_accuracy": 0.8880778588807786,
  "test_accuracy": 0.8868613138686131,
  "val_f1": 0.8776876475130035,
  "test_f1": 0.8744918121646149
}