{
  "name": "SVM_rbf",
  "val_accuracy": 0.8333333333333334,
  "test_accuracy": 0.8260869565217391,
  "val_f1": 0.8341658341658341,
  "test_f1": 0.8256471342832272
}