{
  "name": "SVM_rbf",
  "val_accuracy": 0.7045454545454546,
  "test_accuracy": 0.8409090909090909,
  "val_f1": 0.5824242424242424,
  "test_f1": 0.7682379349046016
}