{
  "name": "SVM_rbf",
  "val_accuracy": 0.5737704918032787,
  "test_accuracy": 0.5245901639344263,
  "val_f1": 0.507199490989405,
  "test_f1": 0.46099935107073337
}