{
  "name": "SVM_rbf",
  "val_accuracy": 0.2834928229665072,
  "test_accuracy": 0.28708133971291866,
  "val_f1": 0.25729901386244947,
  "test_f1": 0.2518411510534501
}