{
  "name": "SVM_rbf",
  "val_accuracy": 0.8649289099526066,
  "test_accuracy": 0.8676122931442081,
  "val_f1": 0.8647247101016389,
  "test_f1": 0.8670224219761293
}