{
  "name": "SVM_rbf",
  "val_accuracy": 0.8583815028901735,
  "test_accuracy": 0.8641618497109826,
  "val_f1": 0.845758660442918,
  "test_f1": 0.8497403767439877
}