{
  "name": "SVM_rbf",
  "val_accuracy": 0.9824561403508771,
  "test_accuracy": 0.9736842105263158,
  "val_f1": 0.9824561403508771,
  "test_f1": 0.9736164257756981
}