{
  "name": "SVM_rbf",
  "val_accuracy": 0.8728323699421965,
  "test_accuracy": 0.8757225433526011,
  "val_f1": 0.8623266603500868,
  "test_f1": 0.8666234239807348
}