{
  "name": "SVM_rbf",
  "val_accuracy": 0.14285714285714285,
  "test_accuracy": 0.42857142857142855,
  "val_f1": 0.10714285714285714,
  "test_f1": 0.2571428571428571
}