{
  "name": "SVM_rbf",
  "val_accuracy": 0.8186666666666667,
  "test_accuracy": 0.8191666666666667,
  "val_f1": 0.791561288064784,
  "test_f1": 0.7941734110399196
}