{
  "name": "SVM_rbf",
  "val_accuracy": 0.8925385239253852,
  "test_accuracy": 0.8807785888077859,
  "val_f1": 0.8822743825997006,
  "test_f1": 0.8680083392274522
}