{
  "name": "SVM_rbf",
  "val_accuracy": 0.8115942028985508,
  "test_accuracy": 0.7971014492753623,
  "val_f1": 0.8119902630143832,
  "test_f1": 0.7973998294970162
}