{
  "name": "SVM_rbf",
  "val_accuracy": 0.7045454545454546,
  "test_accuracy": 0.7159090909090909,
  "val_f1": 0.5918181818181818,
  "test_f1": 0.5973810957254666
}