{
  "name": "KNN",
  "best_K": 5,
  "val_accuracy": 0.9666666666666667,
  "test_accuracy": 0.9666666666666667,
  "val_f1": 0.9665831244778613,
  "test_f1": 0.9665831244778613
}