{
  "name": "KNN",
  "best_K": 4,
  "val_accuracy": 0.8930635838150289,
  "test_accuracy": 0.9161849710982659,
  "val_f1": 0.8935353063902951,
  "test_f1": 0.9161097304056172
}