{
  "name": "KNN",
  "best_K": 1,
  "val_accuracy": 0.8222748815165877,
  "test_accuracy": 0.817966903073286,
  "val_f1": 0.8168899585502648,
  "test_f1": 0.812246992669746
}