{
  "name": "KNN",
  "best_K": 5,
  "val_accuracy": 0.6557377049180327,
  "test_accuracy": 0.5409836065573771,
  "val_f1": 0.6235979292493528,
  "test_f1": 0.5186558860618649
}