{
  "name": "KNN",
  "best_K": 5,
  "val_accuracy": 0.8913957089139571,
  "test_accuracy": 0.8921817980758597,
  "val_f1": 0.8773587129098454,
  "test_f1": 0.8794781607005765
}