{
  "name": "KNN",
  "best_K": 5,
  "val_accuracy": 0.8115942028985508,
  "test_accuracy": 0.7898550724637681,
  "val_f1": 0.8103815502675609,
  "test_f1": 0.7892139409072961
}