{
  "name": "KNN",
  "best_K": 3,
  "val_accuracy": 0.7166666666666667,
  "test_accuracy": 0.6666666666666666,
  "val_f1": 0.7399646330680814,
  "test_f1": 0.6458333333333334
}