{
  "name": "KNN",
  "best_K": 5,
  "val_accuracy": 0.9444444444444444,
  "test_accuracy": 0.9444444444444444,
  "val_f1": 0.943927451478939,
  "test_f1": 0.9436036129748098
}