{
  "name": "KNN",
  "best_K": 5,
  "val_accuracy": 0.8405797101449275,
  "test_accuracy": 0.8478260869565217,
  "val_f1": 0.8409576461769115,
  "test_f1": 0.8473213774791993
}