{
  "name": "KNN",
  "best_K": 1,
  "val_accuracy": 0.8222748815165877,
  "test_accuracy": 0.8108747044917257,
  "val_f1": 0.8176788543911501,
  "test_f1": 0.8059128172246574
}