{
  "name": "KNN",
  "best_K": 5,
  "val_accuracy": 0.7956666666666666,
  "test_accuracy": 0.796,
  "val_f1": 0.7768830443023647,
  "test_f1": 0.7802264840182649
}