{
  "name": "KNN",
  "best_K": 1,
  "val_accuracy": 0.5969230769230769,
  "test_accuracy": 0.5892307692307692,
  "val_f1": 0.594637565310448,
  "test_f1": 0.5887976989892545
}