{
  "name": "KNN",
  "best_K": 4,
  "val_accuracy": 0.9736842105263158,
  "test_accuracy": 0.9473684210526315,
  "val_f1": 0.9736262887593157,
  "test_f1": 0.9473684210526315
}