{
  "name": "KNN",
  "best_K": 5,
  "val_accuracy": 0.21770334928229665,
  "test_accuracy": 0.21411483253588517,
  "val_f1": 0.21255112289053854,
  "test_f1": 0.20777564337514137
}