{
  "name": "KNN",
  "best_K": 5,
  "val_accuracy": 0.8941605839416058,
  "test_accuracy": 0.8957204467543957,
  "val_f1": 0.8809047415510071,
  "test_f1": 0.8824357306509794
}