{
  "name": "KNN",
  "best_K": 4,
  "val_accuracy": 0.9075144508670521,
  "test_accuracy": 0.8901734104046243,
  "val_f1": 0.9074325298520179,
  "test_f1": 0.8882079081044704
}