{
  "name": "KNN",
  "best_K": 5,
  "val_accuracy": 0.6363636363636364,
  "test_accuracy": 0.7386363636363636,
  "val_f1": 0.5703998066369039,
  "test_f1": 0.7270281456953642
}