{
  "name": "KNN",
  "best_K": 5,
  "val_accuracy": 0.6757062146892655,
  "test_accuracy": 0.6813559322033899,
  "val_f1": 0.6501776221489681,
  "test_f1": 0.6641897613489465
}