{
  "name": "KNN",
  "best_K": 4,
  "val_accuracy": 0.5714285714285714,
  "test_accuracy": 0.5714285714285714,
  "val_f1": 0.5428571428571429,
  "test_f1": 0.5782312925170068
}