{
  "name": "KNN",
  "best_K": 5,
  "val_accuracy": 0.8795620437956204,
  "test_accuracy": 0.8669910786699108,
  "val_f1": 0.8653906274185831,
  "test_f1": 0.8501795029502877
}