{
  "name": "KNN",
  "best_K": 5,
  "val_accuracy": 0.7028248587570621,
  "test_accuracy": 0.6892655367231638,
  "val_f1": 0.6884930934987222,
  "test_f1": 0.6743042784358799
}