{
  "name": "KNN",
  "best_K": 5,
  "val_accuracy": 0.8734793187347932,
  "test_accuracy": 0.8706407137064072,
  "val_f1": 0.8601708728909244,
  "test_f1": 0.8557768592630778
}