{
  "name": "KNN",
  "best_K": 1,
  "val_accuracy": 0.9487179487179487,
  "test_accuracy": 0.9487179487179487,
  "val_f1": 0.9497041420118344,
  "test_f1": 0.951095947063689
}