{
  "name": "KNN",
  "best_K": 1,
  "val_accuracy": 0.573076923076923,
  "test_accuracy": 0.56,
  "val_f1": 0.570929409890935,
  "test_f1": 0.5594639925133915
}