{
  "name": "KNN",
  "best_K": 1,
  "val_accuracy": 0.9743589743589743,
  "test_accuracy": 0.9743589743589743,
  "val_f1": 0.973901507353782,
  "test_f1": 0.973901507353782
}