{
  "name": "KNN",
  "best_K": 3,
  "val_accuracy": 0.8974358974358975,
  "test_accuracy": 0.9230769230769231,
  "val_f1": 0.8934472934472933,
  "test_f1": 0.9242336610757663
}