{
  "name": "KNN",
  "best_K": 5,
  "val_accuracy": 0.82465825446898,
  "test_accuracy": 0.8372765509989485,
  "val_f1": 0.8173588795624513,
  "test_f1": 0.831256880269227
}