{
  "name": "KNN",
  "best_K": 1,
  "val_accuracy": 0.85,
  "test_accuracy": 0.9047619047619048,
  "val_f1": 0.8099999999999999,
  "test_f1": 0.8857142857142858
}