{
  "name": "KNN",
  "best_K": 1,
  "val_accuracy": 0.2857142857142857,
  "test_accuracy": 0.2857142857142857,
  "val_f1": 0.19999999999999998,
  "test_f1": 0.2938775510204082
}