{
  "name": "KNN",
  "best_K": 5,
  "val_accuracy": 0.7903333333333333,
  "test_accuracy": 0.7933333333333333,
  "val_f1": 0.7718181382310056,
  "test_f1": 0.7749857867042136
}