{
  "name": "KNN",
  "best_K": 5,
  "val_accuracy": 0.908695652173913,
  "test_accuracy": 0.8903365906623235,
  "val_f1": 0.908141876430206,
  "test_f1": 0.8897299773546046
}