{
  "name": "KNN",
  "best_K": 5,
  "val_accuracy": 0.6590909090909091,
  "test_accuracy": 0.6931818181818182,
  "val_f1": 0.5842438811188811,
  "test_f1": 0.6172339155097775
}