{
  "name": "KNN",
  "best_K": 4,
  "val_accuracy": 0.9217391304347826,
  "test_accuracy": 0.9087947882736156,
  "val_f1": 0.9217391304347826,
  "test_f1": 0.9088381983340433
}