{
  "name": "KNN",
  "best_K": 3,
  "val_accuracy": 0.9649122807017544,
  "test_accuracy": 0.9298245614035088,
  "val_f1": 0.9647382344750765,
  "test_f1": 0.9294494170608614
}