{
  "name": "KNN",
  "best_K": 4,
  "val_accuracy": 0.5573770491803278,
  "test_accuracy": 0.5081967213114754,
  "val_f1": 0.5429292019455954,
  "test_f1": 0.49415720891130727
}