{
  "name": "K_Means_sklearn",
  "best_K": 2,
  "val_accuracy": 0.639344262295082,
  "test_accuracy": 0.5901639344262295,
  "val_f1": 0.5578445983460448,
  "test_f1": 0.5106595859308858
}