{
  "name": "K_Means_sklearn",
  "best_K": 3,
  "val_accuracy": 0.7147739221871714,
  "test_accuracy": 0.7213459516298633,
  "val_f1": 0.6458217614486846,
  "test_f1": 0.6577564848091677
}