{
  "name": "K_Means_sklearn",
  "best_K": 5,
  "val_accuracy": 0.3981042654028436,
  "test_accuracy": 0.3947990543735225,
  "val_f1": 0.3171779022430132,
  "test_f1": 0.3129613942326463
}