{
  "name": "K_Means_sklearn",
  "best_K": 4,
  "val_accuracy": 0.4715384615384615,
  "test_accuracy": 0.4530769230769231,
  "val_f1": 0.3816933583410145,
  "test_f1": 0.3543588623649772
}