{
  "name": "K_Means_sklearn",
  "best_K": 5,
  "val_accuracy": 0.7142857142857143,
  "test_accuracy": 0.5714285714285714,
  "val_f1": 0.7023809523809523,
  "test_f1": 0.47619047619047616
}