{
  "name": "K_Means_sklearn",
  "best_K": 5,
  "val_accuracy": 0.9,
  "test_accuracy": 0.8333333333333334,
  "val_f1": 0.8997493734335839,
  "test_f1": 0.8294970161977834
}