{
  "name": "K_Means_sklearn",
  "best_K": 4,
  "val_accuracy": 0.975,
  "test_accuracy": 0.9625,
  "val_f1": 0.9751481237656353,
  "test_f1": 0.9628129602356406
}