{
  "name": "K_Means_sklearn",
  "best_K": 3,
  "val_accuracy": 0.8554347826086957,
  "test_accuracy": 0.8306188925081434,
  "val_f1": 0.8512205017242546,
  "test_f1": 0.8244218279436134
}