{
  "name": "K_Means_sklearn",
  "best_K": 5,
  "val_accuracy": 0.8205128205128205,
  "test_accuracy": 0.8717948717948718,
  "val_f1": 0.7977207977207976,
  "test_f1": 0.8636352397200999
}