{
  "name": "K_Means_sklearn",
  "best_K": 2,
  "val_accuracy": 0.6994219653179191,
  "test_accuracy": 0.6994219653179191,
  "val_f1": 0.5757146789351579,
  "test_f1": 0.5757146789351579
}