{
  "name": "K_Means_sklearn",
  "best_K": 2,
  "val_accuracy": 0.6610169491525424,
  "test_accuracy": 0.6440677966101694,
  "val_f1": 0.5891839723994138,
  "test_f1": 0.5690595580470761
}