{
  "name": "K_Means_custom",
  "best_K": 5,
  "val_accuracy": 0.8166666666666667,
  "test_accuracy": 0.7166666666666667,
  "val_f1": 0.8080459770114942,
  "test_f1": 0.7033437826541274
}