{
  "name": "K_Means_custom",
  "best_K": 4,
  "val_accuracy": 0.3815165876777251,
  "test_accuracy": 0.3947990543735225,
  "val_f1": 0.2401873963597558,
  "test_f1": 0.24565485041079532
}