{
  "name": "K_Means_custom",
  "best_K": 4,
  "val_accuracy": 0.42857142857142855,
  "test_accuracy": 0.5714285714285714,
  "val_f1": 0.2571428571428571,
  "test_f1": 0.47619047619047616
}