{
  "name": "K_Means_custom",
  "best_K": 5,
  "val_accuracy": 0.85,
  "test_accuracy": 0.8095238095238095,
  "val_f1": 0.7925,
  "test_f1": 0.7420634920634921
}