{
  "name": "K_Means_custom",
  "best_K": 5,
  "val_accuracy": 0.47384615384615386,
  "test_accuracy": 0.45384615384615384,
  "val_f1": 0.3895619934616998,
  "test_f1": 0.3607116127116127
}