{
  "name": "K_Means_custom",
  "best_K": 4,
  "val_accuracy": 0.9875,
  "test_accuracy": 0.975,
  "val_f1": 0.9875393277032621,
  "test_f1": 0.9751481237656353
}