{
  "name": "K_Means_custom",
  "best_K": 5,
  "val_accuracy": 0.8619565217391304,
  "test_accuracy": 0.8349619978284474,
  "val_f1": 0.8590662349184799,
  "test_f1": 0.830574900909597
}