{
  "name": "K_Means_custom",
  "best_K": 2,
  "val_accuracy": 0.7,
  "test_accuracy": 0.7,
  "val_f1": 0.5764705882352941,
  "test_f1": 0.5764705882352941
}