{
  "name": "K_Means_custom",
  "best_K": 3,
  "val_accuracy": 1.0,
  "test_accuracy": 0.9722222222222222,
  "val_f1": 1.0,
  "test_f1": 0.9722633744855966
}