{
  "name": "K_Means_custom",
  "best_K": 3,
  "val_accuracy": 0.8666666666666667,
  "test_accuracy": 0.8,
  "val_f1": 0.8666666666666667,
  "test_f1": 0.8
}