{
  "name": "K_Means_custom",
  "best_K": 2,
  "val_accuracy": 0.9210526315789473,
  "test_accuracy": 0.8947368421052632,
  "val_f1": 0.9204425688233878,
  "test_f1": 0.8927935222672067
}