{
  "name": "K_Means_custom",
  "best_K": 5,
  "val_accuracy": 0.7355415352260778,
  "test_accuracy": 0.7534174553101998,
  "val_f1": 0.7160438895528672,
  "test_f1": 0.733785718141953
}