{
  "name": "K_Means_custom",
  "best_K": 4,
  "val_accuracy": 0.7692307692307693,
  "test_accuracy": 0.7692307692307693,
  "val_f1": 0.7545434314961798,
  "test_f1": 0.7814223512336721
}