{
  "name": "K_Means_custom",
  "best_K": 5,
  "val_accuracy": 0.7608695652173914,
  "test_accuracy": 0.8043478260869565,
  "val_f1": 0.755155027002238,
  "test_f1": 0.8002956989889387
}