{
  "name": "K_Means_custom",
  "best_K": 2,
  "val_accuracy": 0.639344262295082,
  "test_accuracy": 0.5901639344262295,
  "val_f1": 0.5640121475553764,
  "test_f1": 0.5054173732805728
}