{
  "name": "K_Means_custom",
  "best_K": 2,
  "val_accuracy": 0.8829904888299049,
  "test_accuracy": 0.8830034280659074,
  "val_f1": 0.8281212337387478,
  "test_f1": 0.8281398136136093
}