{
  "name": "SOM",
  "val_accuracy": 0.9875,
  "test_accuracy": 0.9875,
  "val_f1": 0.9875393277032621,
  "test_f1": 0.9875393277032621
}