{
  "name": "SOM",
  "val_accuracy": 0.7272727272727273,
  "test_accuracy": 0.6931818181818182,
  "val_f1": 0.6226704545454544,
  "test_f1": 0.5861805979255643
}