{
  "name": "SOM",
  "val_accuracy": 0.9649122807017544,
  "test_accuracy": 0.9385964912280702,
  "val_f1": 0.9649122807017544,
  "test_f1": 0.9372286827846255
}