{
  "name": "SOM",
  "val_accuracy": 0.7607781282860148,
  "test_accuracy": 0.7760252365930599,
  "val_f1": 0.7546713110030964,
  "test_f1": 0.7688905954394577
}