{
  "name": "SOM",
  "val_accuracy": 0.95,
  "test_accuracy": 0.9523809523809523,
  "val_f1": 0.9333333333333332,
  "test_f1": 0.9365079365079364
}