{
  "name": "SOM",
  "val_accuracy": 0.7948717948717948,
  "test_accuracy": 0.7692307692307693,
  "val_f1": 0.8029689608636977,
  "test_f1": 0.7882599580712789
}