{
  "name": "SOM",
  "val_accuracy": 0.8847600088476001,
  "test_accuracy": 0.8805706070994139,
  "val_f1": 0.8780542670192181,
  "test_f1": 0.8711751203069784
}