{
  "name": "SOM",
  "val_accuracy": 0.6965317919075145,
  "test_accuracy": 0.7225433526011561,
  "val_f1": 0.6717761635305891,
  "test_f1": 0.6893514293118795
}