{
  "name": "SOM",
  "val_accuracy": 0.42857142857142855,
  "test_accuracy": 0.2857142857142857,
  "val_f1": 0.4,
  "test_f1": 0.3333333333333333
}