{
  "name": "SOM",
  "val_accuracy": 0.6802259887005649,
  "test_accuracy": 0.6677966101694915,
  "val_f1": 0.6264921213013318,
  "test_f1": 0.6163131043587466
}