{
  "name": "SOM",
  "val_accuracy": 0.9444444444444444,
  "test_accuracy": 0.9444444444444444,
  "val_f1": 0.9437710437710438,
  "test_f1": 0.9444444444444444
}