{
  "name": "SOM",
  "val_accuracy": 0.7608695652173914,
  "test_accuracy": 0.7753623188405797,
  "val_f1": 0.7606789622883441,
  "test_f1": 0.779124401906512
}