{
  "name": "SOM",
  "val_accuracy": 0.8036666666666666,
  "test_accuracy": 0.7998333333333333,
  "val_f1": 0.763566270495848,
  "test_f1": 0.7606558402712846
}