{
  "name": "SOM",
  "val_accuracy": 0.556872037914692,
  "test_accuracy": 0.5673758865248227,
  "val_f1": 0.5133892846083564,
  "test_f1": 0.5157084546003283
}