{
  "name": "SOM",
  "val_accuracy": 0.5573770491803278,
  "test_accuracy": 0.6065573770491803,
  "val_f1": 0.5463226114070254,
  "test_f1": 0.5783057187107332
}