{
  "name": "SOM",
  "val_accuracy": 0.46615384615384614,
  "test_accuracy": 0.4576923076923077,
  "val_f1": 0.4319421771879195,
  "test_f1": 0.42021988641444546
}