{
  "name": "SOM",
  "val_accuracy": 0.66,
  "test_accuracy": 0.735,
  "val_f1": 0.6274231678486998,
  "test_f1": 0.7228087167070218
}