{
  "name": "SOM",
  "val_accuracy": 0.8695652173913043,
  "test_accuracy": 0.8490770901194354,
  "val_f1": 0.8675237611126589,
  "test_f1": 0.8460659784481226
}