{
  "name": "SOM",
  "val_accuracy": 0.6666666666666666,
  "test_accuracy": 0.6833333333333333,
  "val_f1": 0.6370370370370371,
  "test_f1": 0.6498547429581911
}